test_size,percent
0.9500,0.70000
0.9600,0.70175
0.9700,0.71098
0.9800,0.72000
